<?xml version="1.0" encoding="UTF-8"?>

<FLOW VERSION="3.0" CLEANUP="true">

  <!-- nodes -->

<MAP MODE="STANDALONE">

  <!-- nodes -->

<MAPCOPY NAME="Link" FROM="/TaskData;2;0/taskCanonicalDoc;2;0" TO="/taskCanonicalDoc;4;0;gaztCommonUtils.doc:taskCanonicalDoc">
</MAPCOPY>

<MAPCOPY NAME="Link" FROM="/TaskData;2;0/serviceCanonicalDoc;2;0" TO="/serviceCanonicalDoc;4;0;gaztCommonUtils.doc:serviceCanonicalDoc">
</MAPCOPY>

<MAPCOPY FROM="/TaskCompletionInfo;4;0;pub.task:TaskCompletionInfo" TO="/Employee Service Officer &amp; Add TaskOutputEnv;4;0;pub.task:TaskCompletionInfo">
</MAPCOPY>
</MAP>
</FLOW>
