<?xml version="1.0" encoding="UTF-8"?><config>
<autoConfig>
	 <adapter>
    	<connection alias="wx.audit.db:WxAudit_LT_Connection" disableBeforePackageLoad="false" updateIfExists="true" 
				autoStart="true" autoShutdown="false" destroyOnShutdown="true" >
			<packageName>WxAuditConnections</packageName>
			<adapterTypeName>JDBCAdapter</adapterTypeName>
			<connectionFactoryType>com.wm.adapter.wmjdbc.connection.JDBCConnectionFactory</connectionFactoryType>
			<connectionManagerSettings>
				<poolable>true</poolable>
				<minimumPoolSize>1</minimumPoolSize>
				<maximumPoolSize>10</maximumPoolSize>
				<poolIncrementSize>1</poolIncrementSize>
				<blockingTimeout>1000</blockingTimeout>		<!-- In milliseconds -->
				<expireTimeout>1000</expireTimeout>			<!-- In milliseconds -->
				<startupRetryCount>0</startupRetryCount>
				<startupBackoffSecs>10</startupBackoffSecs>
			</connectionManagerSettings>
			<connectionSettings>
				<transactionType>LOCAL_TRANSACTION</transactionType>   <!-- LOCAL_TRANSACTION, XA_TRANSACTION, NO_TRANSACTION -->
				<datasourceClass>com.wm.dd.jdbcx.oracle.OracleDataSource</datasourceClass>
				<serverName>10.8.3.15</serverName>
				<user>DBP912PRODAUDIT</user>
				<password>dbt2bld</password>
				<databaseName></databaseName>  <!-- The [[encrypted:???]] directive should normally be used here -->
				<portNumber>1521</portNumber>
				<networkProtocol>tcp</networkProtocol>
				<otherProperties>driverType=thin;serviceName=ISWMPRD;AlternateServers=(10.8.3.16:1521)</otherProperties>
			</connectionSettings>
		</connection>
		    	<connection alias="wx.audit.db:WxAudit_NT_Connection" disableBeforePackageLoad="false" updateIfExists="true" 
				autoStart="true" autoShutdown="false" destroyOnShutdown="true" >
			<packageName>WxAuditConnections</packageName>
			<adapterTypeName>JDBCAdapter</adapterTypeName>
			<connectionFactoryType>com.wm.adapter.wmjdbc.connection.JDBCConnectionFactory</connectionFactoryType>
			<connectionManagerSettings>
				<poolable>true</poolable>
				<minimumPoolSize>1</minimumPoolSize>
				<maximumPoolSize>10</maximumPoolSize>
				<poolIncrementSize>1</poolIncrementSize>
				<blockingTimeout>1000</blockingTimeout>		<!-- In milliseconds -->
				<expireTimeout>1000</expireTimeout>			<!-- In milliseconds -->
				<startupRetryCount>0</startupRetryCount>
				<startupBackoffSecs>10</startupBackoffSecs>
			</connectionManagerSettings>
			<connectionSettings>
				<transactionType>NO_TRANSACTION</transactionType>   <!-- LOCAL_TRANSACTION, XA_TRANSACTION, NO_TRANSACTION -->
				<datasourceClass>com.wm.dd.jdbcx.oracle.OracleDataSource</datasourceClass>
				<serverName>10.8.3.15</serverName>
				<user>DBP912PRODAUDIT</user>
				<password>dbt2bld</password>
				<databaseName></databaseName>  <!-- The [[encrypted:???]] directive should normally be used here -->
				<portNumber>1521</portNumber>
				<networkProtocol>tcp</networkProtocol>
				<otherProperties>driverType=thin;serviceName=ISWMPRD;AlternateServers=(10.8.3.16:1521)</otherProperties>
			</connectionSettings>
		</connection>
	</adapter>
</autoConfig>
</config> 
