<?xml version="1.0" encoding="UTF-8"?>

<IDataXMLCoder version="1.0">
  <record javaclass="com.wm.data.ISMemDataImpl">
    <idatacodable name="fragment" javaclass="com.wm.app.prt.model.PRTFragmentDef">
      <number name="version" type="java.lang.Integer">3</number>
      <value name="modelId">processHelloWorld/helloWorld</value>
      <value name="modelVersion">1</value>
      <value name="modelName">HelloWorld</value>
      <value name="packageName">processHelloWorld</value>
      <value name="fragmentId">Default</value>
      <value name="focalRole">Focal role</value>
      <value name="triggerName">processHelloWorld.HelloWorld.HelloWorld_1.Default:transitionTrigger</value>
      <value name="inputTriggerName">processHelloWorld.HelloWorld.Default:subscriptionTrigger</value>
      <value name="synch">false</value>
      <value name="minimumLogLevel">5</value>
      <value name="volGlobalData">false</value>
      <value name="usesJMS">true</value>
      <value name="usesEDA">false</value>
      <value name="useVersion97EscalationPolicy">true</value>
      <value name="singleServer">true</value>
      <value name="timeoutMs">0</value>
      <null name="timeout"/>
      <value name="processTimeoutMs">0</value>
      <value name="processTimeoutExpr"></value>
      <null name="processTimeoutBusiness"/>
      <value name="processTimeoutType">relative</value>
      <idatacodable name="error" javaclass="com.wm.app.prt.model.PRTTransitionOutputDef">
        <value name="destination">processHelloWorld_helloWorld_TRANSQUEUE</value>
        <value name="isXpathCond">false</value>
        <value name="targetServerId">Default</value>
        <value name="targetStepId">S101</value>
        <null name="pipeKeys"/>
        <null name="deadPathTargets"/>
        <value name="compensating">false</value>
      </idatacodable>
      <null name="cancel"/>
      <null name="userProps"/>
      <null name="partnerLinks"/>
      <null name="properties"/>
      <null name="globalVariables"/>
      <null name="businessCalendarAlias"/>
      <array name="steps" type="idatacodable" depth="1">
        <idatacodable javaclass="com.wm.app.prt.model.ServiceTask">
          <value name="stepId">S108</value>
          <value name="stepLabel">Check Approver Response_S108</value>
          <value name="isStart">false</value>
          <value name="isSynchronizationPoint">false</value>
          <array name="inputs" type="idatacodable" depth="1">
            <idatacodable javaclass="com.wm.app.prt.model.PRTTransitionInputDef">
              <value name="sourceStepId">S107</value>
            </idatacodable>
          </array>
          <value name="servicePackage">processHelloWorld</value>
          <value name="serviceName">processHelloWorld.HelloWorld.HelloWorld_1.Default:Check_Approver_Response_S108</value>
          <array name="outputs" type="idatacodable" depth="1">
            <idatacodable javaclass="com.wm.app.prt.model.PRTTransitionOutputDef">
              <value name="destination">processHelloWorld_helloWorld_TRANSQUEUE</value>
              <value name="isXpathCond">false</value>
              <value name="targetServerId">Default</value>
              <value name="targetStepId">S91</value>
              <array name="pipeKeys" type="value" depth="1">
                <value>serviceCanonicalDoc</value>
                <value>taskCanonicalDoc</value>
              </array>
              <null name="deadPathTargets"/>
              <value name="compensating">false</value>
            </idatacodable>
          </array>
          <value name="timeoutMs">0</value>
          <value name="stepTimeoutMs">0</value>
          <value name="timeoutType"></value>
          <value name="stepTimeoutType">relative</value>
          <value name="retryMax">0</value>
          <value name="stepRetryCount">0</value>
          <value name="stepRetryInterval">60000</value>
          <value name="isSubEnd">false</value>
          <value name="isXPathJoinExpression">false</value>
          <value name="beginsCompensatingTransaction">false</value>
          <value name="skip">false</value>
          <value name="parallelExecute">false</value>
          <value name="suppressUnsatisfiedJoin">false</value>
          <value name="forCompensation">false</value>
        </idatacodable>
        <idatacodable javaclass="com.wm.app.prt.model.UserTask">
          <value name="stepId">S107</value>
          <value name="stepLabel">Manager SLA</value>
          <value name="isStart">false</value>
          <value name="isSynchronizationPoint">false</value>
          <array name="inputs" type="idatacodable" depth="1">
            <idatacodable javaclass="com.wm.app.prt.model.PRTTransitionInputDef">
              <value name="sourceStepId">S115</value>
            </idatacodable>
          </array>
          <array name="outputs" type="idatacodable" depth="1">
            <idatacodable javaclass="com.wm.app.prt.model.PRTTransitionOutputDef">
              <value name="destination">processHelloWorld_helloWorld_TRANSQUEUE</value>
              <value name="isXpathCond">false</value>
              <value name="targetServerId">Default</value>
              <value name="targetStepId">S108</value>
              <array name="pipeKeys" type="value" depth="1">
                <value>serviceCanonicalDoc</value>
                <value>taskCanonicalDoc</value>
              </array>
              <null name="deadPathTargets"/>
              <value name="compensating">false</value>
            </idatacodable>
          </array>
          <value name="timeoutMs">0</value>
          <value name="stepTimeoutMs">0</value>
          <value name="timeoutType"></value>
          <value name="stepTimeoutType">relative</value>
          <value name="retryMax">0</value>
          <value name="stepRetryCount">0</value>
          <value name="stepRetryInterval">60000</value>
          <value name="isSubEnd">false</value>
          <value name="isXPathJoinExpression">false</value>
          <value name="beginsCompensatingTransaction">false</value>
          <value name="skip">false</value>
          <value name="parallelExecute">false</value>
          <value name="suppressUnsatisfiedJoin">false</value>
          <value name="forCompensation">false</value>
          <value name="inputMappingService">processHelloWorld.HelloWorld.HelloWorld_1.Default:Manager_SLA_InputMapService</value>
          <value name="outputMappingService">processHelloWorld.HelloWorld.HelloWorld_1.Default:Manager_SLA_OutputMapService</value>
        </idatacodable>
        <idatacodable javaclass="com.wm.app.prt.model.ServiceTask">
          <value name="stepId">S115</value>
          <value name="stepLabel">Get Line Manager</value>
          <value name="isStart">false</value>
          <value name="isSynchronizationPoint">false</value>
          <array name="inputs" type="idatacodable" depth="1">
            <idatacodable javaclass="com.wm.app.prt.model.PRTTransitionInputDef">
              <value name="sourceStepId">S93</value>
            </idatacodable>
          </array>
          <value name="servicePackage">processHelloWorld</value>
          <value name="serviceName">processHelloWorld.HelloWorld.HelloWorld_1.Default:Get_Line_Manager</value>
          <array name="outputs" type="idatacodable" depth="1">
            <idatacodable javaclass="com.wm.app.prt.model.PRTTransitionOutputDef">
              <value name="destination">processHelloWorld_helloWorld_TRANSQUEUE</value>
              <value name="isXpathCond">false</value>
              <value name="targetServerId">Default</value>
              <value name="targetStepId">S107</value>
              <array name="pipeKeys" type="value" depth="1">
                <value>taskCanonicalDoc</value>
                <value>serviceCanonicalDoc</value>
              </array>
              <null name="deadPathTargets"/>
              <value name="compensating">false</value>
            </idatacodable>
          </array>
          <value name="timeoutMs">0</value>
          <value name="stepTimeoutMs">0</value>
          <value name="timeoutType"></value>
          <value name="stepTimeoutType">relative</value>
          <value name="retryMax">0</value>
          <value name="stepRetryCount">0</value>
          <value name="stepRetryInterval">60000</value>
          <value name="isSubEnd">false</value>
          <value name="isXPathJoinExpression">false</value>
          <value name="beginsCompensatingTransaction">false</value>
          <value name="skip">false</value>
          <value name="parallelExecute">false</value>
          <value name="suppressUnsatisfiedJoin">false</value>
          <value name="forCompensation">false</value>
        </idatacodable>
        <idatacodable javaclass="com.wm.app.prt.model.ServiceTask">
          <value name="stepId">S105</value>
          <value name="stepLabel">Expire Portal Cache</value>
          <value name="isStart">false</value>
          <value name="isSynchronizationPoint">false</value>
          <array name="inputs" type="idatacodable" depth="1">
            <idatacodable javaclass="com.wm.app.prt.model.PRTTransitionInputDef">
              <value name="sourceStepId">S96</value>
            </idatacodable>
          </array>
          <value name="servicePackage">processHelloWorld</value>
          <value name="serviceName">processHelloWorld.HelloWorld.HelloWorld_1.Default:Expire_Portal_Cache</value>
          <array name="outputs" type="idatacodable" depth="1">
            <idatacodable javaclass="com.wm.app.prt.model.PRTTransitionOutputDef">
              <value name="destination">processHelloWorld_helloWorld_TRANSQUEUE</value>
              <value name="isXpathCond">false</value>
              <value name="targetServerId">Default</value>
              <value name="targetStepId">S100</value>
              <array name="pipeKeys" type="value" depth="1">
                <value>serviceCanonicalDoc</value>
              </array>
              <null name="deadPathTargets"/>
              <value name="compensating">false</value>
            </idatacodable>
          </array>
          <value name="timeoutMs">0</value>
          <value name="stepTimeoutMs">0</value>
          <value name="timeoutType"></value>
          <value name="stepTimeoutType">relative</value>
          <value name="retryMax">0</value>
          <value name="stepRetryCount">0</value>
          <value name="stepRetryInterval">60000</value>
          <value name="isSubEnd">false</value>
          <value name="isXPathJoinExpression">false</value>
          <value name="beginsCompensatingTransaction">false</value>
          <value name="skip">false</value>
          <value name="parallelExecute">false</value>
          <value name="suppressUnsatisfiedJoin">false</value>
          <value name="forCompensation">false</value>
        </idatacodable>
        <idatacodable javaclass="com.wm.app.prt.model.ServiceTask">
          <value name="stepId">S102</value>
          <value name="stepLabel">send notification</value>
          <value name="isStart">false</value>
          <value name="isSynchronizationPoint">false</value>
          <array name="inputs" type="idatacodable" depth="1">
            <idatacodable javaclass="com.wm.app.prt.model.PRTTransitionInputDef">
              <value name="sourceStepId">S101</value>
            </idatacodable>
          </array>
          <value name="servicePackage">processHelloWorld</value>
          <value name="serviceName">processHelloWorld.HelloWorld.HelloWorld_1.Default:send_notification</value>
          <array name="outputs" type="idatacodable" depth="1">
            <idatacodable javaclass="com.wm.app.prt.model.PRTTransitionOutputDef">
              <value name="destination">processHelloWorld_helloWorld_TRANSQUEUE</value>
              <value name="isXpathCond">false</value>
              <value name="targetServerId">Default</value>
              <value name="targetStepId">S92</value>
              <null name="pipeKeys"/>
              <null name="deadPathTargets"/>
              <value name="compensating">false</value>
            </idatacodable>
          </array>
          <value name="timeoutMs">0</value>
          <value name="stepTimeoutMs">0</value>
          <value name="timeoutType"></value>
          <value name="stepTimeoutType">relative</value>
          <value name="retryMax">0</value>
          <value name="stepRetryCount">0</value>
          <value name="stepRetryInterval">60000</value>
          <value name="isSubEnd">false</value>
          <value name="isXPathJoinExpression">false</value>
          <value name="beginsCompensatingTransaction">false</value>
          <value name="skip">false</value>
          <value name="parallelExecute">false</value>
          <value name="suppressUnsatisfiedJoin">false</value>
          <value name="forCompensation">false</value>
        </idatacodable>
        <idatacodable javaclass="com.wm.app.prt.model.ExclusiveGateway">
          <value name="stepId">S91</value>
          <value name="stepLabel">Approved or Rejected</value>
          <value name="isStart">false</value>
          <value name="isSynchronizationPoint">false</value>
          <array name="inputs" type="idatacodable" depth="1">
            <idatacodable javaclass="com.wm.app.prt.model.PRTTransitionInputDef">
              <value name="sourceStepId">S108</value>
            </idatacodable>
          </array>
          <array name="outputs" type="idatacodable" depth="1">
            <idatacodable javaclass="com.wm.app.prt.model.PRTTransitionOutputDef">
              <value name="condition">%serviceCanonicalDoc/taskInfo/userAction% = "APPROVE"</value>
              <value name="destination">processHelloWorld_helloWorld_TRANSQUEUE</value>
              <value name="isXpathCond">false</value>
              <value name="targetServerId">Default</value>
              <value name="targetStepId">S98</value>
              <array name="pipeKeys" type="value" depth="1">
                <value>serviceCanonicalDoc</value>
                <value>taskCanonicalDoc</value>
              </array>
              <null name="deadPathTargets"/>
              <value name="compensating">false</value>
            </idatacodable>
            <idatacodable javaclass="com.wm.app.prt.model.PRTTransitionOutputDef">
              <value name="condition">%serviceCanonicalDoc/taskInfo/userAction% = "AUTO_APPROVED"</value>
              <value name="destination">processHelloWorld_helloWorld_TRANSQUEUE</value>
              <value name="isXpathCond">false</value>
              <value name="targetServerId">Default</value>
              <value name="targetStepId">S96</value>
              <array name="pipeKeys" type="value" depth="1">
                <value>serviceCanonicalDoc</value>
                <value>taskCanonicalDoc</value>
              </array>
              <null name="deadPathTargets"/>
              <value name="compensating">false</value>
            </idatacodable>
          </array>
          <value name="timeoutMs">0</value>
          <value name="stepTimeoutMs">0</value>
          <value name="timeoutType"></value>
          <value name="stepTimeoutType">relative</value>
          <value name="retryMax">0</value>
          <value name="stepRetryCount">0</value>
          <value name="stepRetryInterval">0</value>
          <value name="isSubEnd">false</value>
          <value name="isXPathJoinExpression">false</value>
          <value name="beginsCompensatingTransaction">false</value>
          <value name="skip">false</value>
          <value name="parallelExecute">false</value>
          <value name="suppressUnsatisfiedJoin">false</value>
          <idatacodable name="defaultTransition" javaclass="com.wm.app.prt.model.PRTTransitionOutputDef">
            <value name="condition">!(%serviceCanonicalDoc/taskInfo/userAction% = "APPROVE") &amp;&amp; !(%serviceCanonicalDoc/taskInfo/userAction% = "AUTO_APPROVED")</value>
            <value name="destination">processHelloWorld_helloWorld_TRANSQUEUE</value>
            <value name="isXpathCond">false</value>
            <value name="targetServerId">Default</value>
            <value name="targetStepId">S94</value>
            <array name="pipeKeys" type="value" depth="1">
              <value>serviceCanonicalDoc</value>
              <value>taskCanonicalDoc</value>
            </array>
            <null name="deadPathTargets"/>
            <value name="compensating">false</value>
          </idatacodable>
        </idatacodable>
        <idatacodable javaclass="com.wm.app.prt.model.EndTerminateEvent">
          <value name="stepId">S90</value>
          <value name="stepLabel">End BPM</value>
          <value name="isSynchronizationPoint">false</value>
          <array name="inputs" type="idatacodable" depth="1">
            <idatacodable javaclass="com.wm.app.prt.model.PRTTransitionInputDef">
              <value name="sourceStepId">S100</value>
            </idatacodable>
          </array>
          <value name="timeoutMs">0</value>
          <value name="timeoutType"></value>
          <value name="stepRetryCount">0</value>
          <value name="stepRetryInterval">0</value>
          <value name="parallelExecute">false</value>
          <value name="suppressUnsatisfiedJoin">false</value>
          <value name="action">DONE</value>
          <value name="escalateFailure">true</value>
        </idatacodable>
        <idatacodable javaclass="com.wm.app.prt.model.ServiceTask">
          <value name="stepId">S93</value>
          <value name="stepLabel">Notify Portal Inprogress</value>
          <value name="isStart">false</value>
          <value name="isSynchronizationPoint">false</value>
          <array name="inputs" type="idatacodable" depth="1">
            <idatacodable javaclass="com.wm.app.prt.model.PRTTransitionInputDef">
              <value name="sourceStepId">S88</value>
            </idatacodable>
          </array>
          <value name="servicePackage">processHelloWorld</value>
          <value name="serviceName">processHelloWorld.HelloWorld.HelloWorld_1.Default:Notify_Portal_Inprogress</value>
          <array name="outputs" type="idatacodable" depth="1">
            <idatacodable javaclass="com.wm.app.prt.model.PRTTransitionOutputDef">
              <value name="destination">processHelloWorld_helloWorld_TRANSQUEUE</value>
              <value name="isXpathCond">false</value>
              <value name="targetServerId">Default</value>
              <value name="targetStepId">S115</value>
              <array name="pipeKeys" type="value" depth="1">
                <value>serviceCanonicalDoc</value>
              </array>
              <null name="deadPathTargets"/>
              <value name="compensating">false</value>
            </idatacodable>
          </array>
          <value name="timeoutMs">0</value>
          <value name="stepTimeoutMs">0</value>
          <value name="timeoutType"></value>
          <value name="stepTimeoutType">relative</value>
          <value name="retryMax">0</value>
          <value name="stepRetryCount">0</value>
          <value name="stepRetryInterval">60000</value>
          <value name="isSubEnd">false</value>
          <value name="isXPathJoinExpression">false</value>
          <value name="beginsCompensatingTransaction">false</value>
          <value name="skip">false</value>
          <value name="parallelExecute">false</value>
          <value name="suppressUnsatisfiedJoin">false</value>
          <value name="forCompensation">false</value>
        </idatacodable>
        <idatacodable javaclass="com.wm.app.prt.model.EndTerminateEvent">
          <value name="stepId">S92</value>
          <value name="stepLabel">end error handler</value>
          <value name="isSynchronizationPoint">false</value>
          <array name="inputs" type="idatacodable" depth="1">
            <idatacodable javaclass="com.wm.app.prt.model.PRTTransitionInputDef">
              <value name="sourceStepId">S102</value>
            </idatacodable>
          </array>
          <value name="timeoutMs">0</value>
          <value name="timeoutType"></value>
          <value name="stepRetryCount">0</value>
          <value name="stepRetryInterval">60000</value>
          <value name="parallelExecute">false</value>
          <value name="suppressUnsatisfiedJoin">false</value>
          <value name="action">FAIL</value>
          <value name="escalateFailure">false</value>
        </idatacodable>
        <idatacodable javaclass="com.wm.app.prt.model.ServiceTask">
          <value name="stepId">S94</value>
          <value name="stepLabel">Notify Portal Rejected</value>
          <value name="isStart">false</value>
          <value name="joinExpression">(unsynchronizedor TX-FROM-S88 TX-FROM-S91)</value>
          <value name="isSynchronizationPoint">false</value>
          <array name="inputs" type="idatacodable" depth="1">
            <idatacodable javaclass="com.wm.app.prt.model.PRTTransitionInputDef">
              <value name="sourceStepId">S88</value>
            </idatacodable>
            <idatacodable javaclass="com.wm.app.prt.model.PRTTransitionInputDef">
              <value name="sourceStepId">S91</value>
            </idatacodable>
          </array>
          <value name="servicePackage">processHelloWorld</value>
          <value name="serviceName">processHelloWorld.HelloWorld.HelloWorld_1.Default:Notify_Portal_Rejected</value>
          <array name="outputs" type="idatacodable" depth="1">
            <idatacodable javaclass="com.wm.app.prt.model.PRTTransitionOutputDef">
              <value name="destination">processHelloWorld_helloWorld_TRANSQUEUE</value>
              <value name="isXpathCond">false</value>
              <value name="targetServerId">Default</value>
              <value name="targetStepId">S100</value>
              <array name="pipeKeys" type="value" depth="1">
                <value>serviceCanonicalDoc</value>
              </array>
              <null name="deadPathTargets"/>
              <value name="compensating">false</value>
            </idatacodable>
          </array>
          <value name="timeoutMs">0</value>
          <value name="stepTimeoutMs">0</value>
          <value name="timeoutType">relative</value>
          <value name="stepTimeoutType">relative</value>
          <value name="retryMax">0</value>
          <value name="stepRetryCount">0</value>
          <value name="stepRetryInterval">60000</value>
          <value name="isSubEnd">false</value>
          <value name="isXPathJoinExpression">false</value>
          <value name="beginsCompensatingTransaction">false</value>
          <value name="skip">false</value>
          <value name="parallelExecute">false</value>
          <value name="suppressUnsatisfiedJoin">false</value>
          <value name="forCompensation">false</value>
        </idatacodable>
        <idatacodable javaclass="com.wm.app.prt.model.ServiceTask">
          <value name="stepId">S97</value>
          <value name="stepLabel">Validate Request</value>
          <value name="isStart">false</value>
          <value name="isSynchronizationPoint">false</value>
          <array name="inputs" type="idatacodable" depth="1">
            <idatacodable javaclass="com.wm.app.prt.model.PRTTransitionInputDef">
              <value name="sourceStepId">S89</value>
            </idatacodable>
          </array>
          <value name="servicePackage">processHelloWorld</value>
          <value name="serviceName">processHelloWorld.HelloWorld.HelloWorld_1.Default:Validate_Request</value>
          <array name="outputs" type="idatacodable" depth="1">
            <idatacodable javaclass="com.wm.app.prt.model.PRTTransitionOutputDef">
              <value name="destination">processHelloWorld_helloWorld_TRANSQUEUE</value>
              <value name="isXpathCond">false</value>
              <value name="targetServerId">Default</value>
              <value name="targetStepId">S88</value>
              <array name="pipeKeys" type="value" depth="1">
                <value>serviceCanonicalDoc</value>
              </array>
              <null name="deadPathTargets"/>
              <value name="compensating">false</value>
            </idatacodable>
          </array>
          <value name="timeoutMs">0</value>
          <value name="stepTimeoutMs">0</value>
          <value name="timeoutType"></value>
          <value name="stepTimeoutType">relative</value>
          <value name="retryMax">0</value>
          <value name="stepRetryCount">0</value>
          <value name="stepRetryInterval">60000</value>
          <value name="isSubEnd">false</value>
          <value name="isXPathJoinExpression">false</value>
          <value name="beginsCompensatingTransaction">false</value>
          <value name="skip">false</value>
          <value name="parallelExecute">false</value>
          <value name="suppressUnsatisfiedJoin">false</value>
          <value name="forCompensation">false</value>
        </idatacodable>
        <idatacodable javaclass="com.wm.app.prt.model.ServiceTask">
          <value name="stepId">S96</value>
          <value name="stepLabel">Notify Portal Completed</value>
          <value name="isStart">false</value>
          <value name="joinExpression">(unsynchronizedor TX-FROM-S99 TX-FROM-S91)</value>
          <value name="isSynchronizationPoint">false</value>
          <array name="inputs" type="idatacodable" depth="1">
            <idatacodable javaclass="com.wm.app.prt.model.PRTTransitionInputDef">
              <value name="sourceStepId">S99</value>
            </idatacodable>
            <idatacodable javaclass="com.wm.app.prt.model.PRTTransitionInputDef">
              <value name="sourceStepId">S91</value>
            </idatacodable>
          </array>
          <value name="servicePackage">processHelloWorld</value>
          <value name="serviceName">processHelloWorld.HelloWorld.HelloWorld_1.Default:Notify_Portal_Completed</value>
          <array name="outputs" type="idatacodable" depth="1">
            <idatacodable javaclass="com.wm.app.prt.model.PRTTransitionOutputDef">
              <value name="destination">processHelloWorld_helloWorld_TRANSQUEUE</value>
              <value name="isXpathCond">false</value>
              <value name="targetServerId">Default</value>
              <value name="targetStepId">S105</value>
              <array name="pipeKeys" type="value" depth="1">
                <value>serviceCanonicalDoc</value>
              </array>
              <null name="deadPathTargets"/>
              <value name="compensating">false</value>
            </idatacodable>
          </array>
          <value name="timeoutMs">0</value>
          <value name="stepTimeoutMs">0</value>
          <value name="timeoutType">relative</value>
          <value name="stepTimeoutType">relative</value>
          <value name="retryMax">0</value>
          <value name="stepRetryCount">0</value>
          <value name="stepRetryInterval">60000</value>
          <value name="isSubEnd">false</value>
          <value name="isXPathJoinExpression">false</value>
          <value name="beginsCompensatingTransaction">false</value>
          <value name="skip">false</value>
          <value name="parallelExecute">false</value>
          <value name="suppressUnsatisfiedJoin">false</value>
          <value name="forCompensation">false</value>
        </idatacodable>
        <idatacodable javaclass="com.wm.app.prt.model.ExclusiveGateway">
          <value name="stepId">S88</value>
          <value name="stepLabel">isValid</value>
          <value name="isStart">false</value>
          <value name="isSynchronizationPoint">false</value>
          <array name="inputs" type="idatacodable" depth="1">
            <idatacodable javaclass="com.wm.app.prt.model.PRTTransitionInputDef">
              <value name="sourceStepId">S97</value>
            </idatacodable>
          </array>
          <array name="outputs" type="idatacodable" depth="1">
            <idatacodable javaclass="com.wm.app.prt.model.PRTTransitionOutputDef">
              <value name="condition">%serviceCanonicalDoc/validation/isValid% = "N"</value>
              <value name="destination">processHelloWorld_helloWorld_TRANSQUEUE</value>
              <value name="isXpathCond">false</value>
              <value name="targetServerId">Default</value>
              <value name="targetStepId">S94</value>
              <array name="pipeKeys" type="value" depth="1">
                <value>serviceCanonicalDoc</value>
              </array>
              <null name="deadPathTargets"/>
              <value name="compensating">false</value>
            </idatacodable>
          </array>
          <value name="timeoutMs">0</value>
          <value name="stepTimeoutMs">0</value>
          <value name="timeoutType"></value>
          <value name="stepTimeoutType">relative</value>
          <value name="retryMax">0</value>
          <value name="stepRetryCount">0</value>
          <value name="stepRetryInterval">0</value>
          <value name="isSubEnd">false</value>
          <value name="isXPathJoinExpression">false</value>
          <value name="beginsCompensatingTransaction">false</value>
          <value name="skip">false</value>
          <value name="parallelExecute">false</value>
          <value name="suppressUnsatisfiedJoin">false</value>
          <idatacodable name="defaultTransition" javaclass="com.wm.app.prt.model.PRTTransitionOutputDef">
            <value name="condition">!(%serviceCanonicalDoc/validation/isValid% = "N")</value>
            <value name="destination">processHelloWorld_helloWorld_TRANSQUEUE</value>
            <value name="isXpathCond">false</value>
            <value name="targetServerId">Default</value>
            <value name="targetStepId">S93</value>
            <array name="pipeKeys" type="value" depth="1">
              <value>serviceCanonicalDoc</value>
            </array>
            <null name="deadPathTargets"/>
            <value name="compensating">false</value>
          </idatacodable>
        </idatacodable>
        <idatacodable javaclass="com.wm.app.prt.model.ServiceTask">
          <value name="stepId">S99</value>
          <value name="stepLabel">Check Approver Response_S99</value>
          <value name="isStart">false</value>
          <value name="isSynchronizationPoint">false</value>
          <array name="inputs" type="idatacodable" depth="1">
            <idatacodable javaclass="com.wm.app.prt.model.PRTTransitionInputDef">
              <value name="sourceStepId">S98</value>
            </idatacodable>
          </array>
          <value name="servicePackage">processHelloWorld</value>
          <value name="serviceName">processHelloWorld.HelloWorld.HelloWorld_1.Default:Check_Approver_Response_S99</value>
          <array name="outputs" type="idatacodable" depth="1">
            <idatacodable javaclass="com.wm.app.prt.model.PRTTransitionOutputDef">
              <value name="destination">processHelloWorld_helloWorld_TRANSQUEUE</value>
              <value name="isXpathCond">false</value>
              <value name="targetServerId">Default</value>
              <value name="targetStepId">S96</value>
              <array name="pipeKeys" type="value" depth="1">
                <value>serviceCanonicalDoc</value>
              </array>
              <null name="deadPathTargets"/>
              <value name="compensating">false</value>
            </idatacodable>
          </array>
          <value name="timeoutMs">0</value>
          <value name="stepTimeoutMs">0</value>
          <value name="timeoutType"></value>
          <value name="stepTimeoutType">relative</value>
          <value name="retryMax">0</value>
          <value name="stepRetryCount">0</value>
          <value name="stepRetryInterval">60000</value>
          <value name="isSubEnd">false</value>
          <value name="isXPathJoinExpression">false</value>
          <value name="beginsCompensatingTransaction">false</value>
          <value name="skip">false</value>
          <value name="parallelExecute">false</value>
          <value name="suppressUnsatisfiedJoin">false</value>
          <value name="forCompensation">false</value>
        </idatacodable>
        <idatacodable javaclass="com.wm.app.prt.model.UserTask">
          <value name="stepId">S98</value>
          <value name="stepLabel">Employee Service Officer &amp; Add Task</value>
          <value name="isStart">false</value>
          <value name="isSynchronizationPoint">false</value>
          <array name="inputs" type="idatacodable" depth="1">
            <idatacodable javaclass="com.wm.app.prt.model.PRTTransitionInputDef">
              <value name="sourceStepId">S91</value>
            </idatacodable>
          </array>
          <array name="outputs" type="idatacodable" depth="1">
            <idatacodable javaclass="com.wm.app.prt.model.PRTTransitionOutputDef">
              <value name="destination">processHelloWorld_helloWorld_TRANSQUEUE</value>
              <value name="isXpathCond">false</value>
              <value name="targetServerId">Default</value>
              <value name="targetStepId">S99</value>
              <array name="pipeKeys" type="value" depth="1">
                <value>serviceCanonicalDoc</value>
                <value>taskCanonicalDoc</value>
              </array>
              <null name="deadPathTargets"/>
              <value name="compensating">false</value>
            </idatacodable>
          </array>
          <value name="timeoutMs">0</value>
          <value name="stepTimeoutMs">0</value>
          <value name="timeoutType"></value>
          <value name="stepTimeoutType">relative</value>
          <value name="retryMax">0</value>
          <value name="stepRetryCount">0</value>
          <value name="stepRetryInterval">60000</value>
          <value name="isSubEnd">false</value>
          <value name="isXPathJoinExpression">false</value>
          <value name="beginsCompensatingTransaction">false</value>
          <value name="skip">false</value>
          <value name="parallelExecute">false</value>
          <value name="suppressUnsatisfiedJoin">false</value>
          <value name="forCompensation">false</value>
          <value name="inputMappingService">processHelloWorld.HelloWorld.HelloWorld_1.Default:Employee_Service_Officer___Add_Task_InputMapService</value>
          <value name="outputMappingService">processHelloWorld.HelloWorld.HelloWorld_1.Default:Employee_Service_Officer___Add_Task_OutputMapService</value>
        </idatacodable>
        <idatacodable javaclass="com.wm.app.prt.model.StartMessageEvent">
          <value name="stepId">S89</value>
          <value name="stepLabel">Start BPM</value>
          <value name="isSynchronizationPoint">false</value>
          <array name="inputs" type="idatacodable" depth="1">
            <idatacodable javaclass="com.wm.app.prt.model.PRTPublishedDocInputDef">
              <value name="docName">serviceCanonicalDoc</value>
              <value name="docType">gaztCommonUtils.doc:serviceCanonicalDoc</value>
              <null name="filter"/>
              <value name="subprExit">false</value>
            </idatacodable>
          </array>
          <value name="servicePackage">processHelloWorld</value>
          <value name="serviceName">processHelloWorld.HelloWorld.HelloWorld_1.Default:Start_BPM</value>
          <array name="outputs" type="idatacodable" depth="1">
            <idatacodable javaclass="com.wm.app.prt.model.PRTTransitionOutputDef">
              <value name="destination">processHelloWorld_helloWorld_TRANSQUEUE</value>
              <value name="isXpathCond">false</value>
              <value name="targetServerId">Default</value>
              <value name="targetStepId">S97</value>
              <array name="pipeKeys" type="value" depth="1">
                <value>serviceCanonicalDoc</value>
              </array>
              <null name="deadPathTargets"/>
              <value name="compensating">false</value>
            </idatacodable>
          </array>
          <value name="stepRetryCount">0</value>
          <value name="stepRetryInterval">0</value>
          <value name="skip">false</value>
          <value name="parallelExecute">false</value>
          <value name="interrupting">false</value>
          <value name="usesEDA">false</value>
        </idatacodable>
        <idatacodable javaclass="com.wm.app.prt.model.ServiceTask">
          <value name="stepId">S100</value>
          <value name="stepLabel">Request Survery</value>
          <value name="isStart">false</value>
          <value name="joinExpression">(unsynchronizedor TX-FROM-S105 TX-FROM-S94)</value>
          <value name="isSynchronizationPoint">false</value>
          <array name="inputs" type="idatacodable" depth="1">
            <idatacodable javaclass="com.wm.app.prt.model.PRTTransitionInputDef">
              <value name="sourceStepId">S105</value>
            </idatacodable>
            <idatacodable javaclass="com.wm.app.prt.model.PRTTransitionInputDef">
              <value name="sourceStepId">S94</value>
            </idatacodable>
          </array>
          <value name="servicePackage">processHelloWorld</value>
          <value name="serviceName">processHelloWorld.HelloWorld.HelloWorld_1.Default:Request_Survery</value>
          <array name="outputs" type="idatacodable" depth="1">
            <idatacodable javaclass="com.wm.app.prt.model.PRTTransitionOutputDef">
              <value name="destination">processHelloWorld_helloWorld_TRANSQUEUE</value>
              <value name="isXpathCond">false</value>
              <value name="targetServerId">Default</value>
              <value name="targetStepId">S90</value>
              <null name="pipeKeys"/>
              <null name="deadPathTargets"/>
              <value name="compensating">false</value>
            </idatacodable>
          </array>
          <value name="timeoutMs">0</value>
          <value name="stepTimeoutMs">0</value>
          <value name="timeoutType">relative</value>
          <value name="stepTimeoutType">relative</value>
          <value name="retryMax">0</value>
          <value name="stepRetryCount">0</value>
          <value name="stepRetryInterval">60000</value>
          <value name="isSubEnd">false</value>
          <value name="isXPathJoinExpression">false</value>
          <value name="beginsCompensatingTransaction">false</value>
          <value name="skip">false</value>
          <value name="parallelExecute">false</value>
          <value name="suppressUnsatisfiedJoin">false</value>
          <value name="forCompensation">false</value>
        </idatacodable>
        <idatacodable javaclass="com.wm.app.prt.model.ServiceTask">
          <value name="stepId">S101</value>
          <value name="stepLabel">error handler</value>
          <value name="isStart">false</value>
          <value name="isSynchronizationPoint">false</value>
          <array name="inputs" type="idatacodable" depth="1">
          </array>
          <value name="servicePackage">processHelloWorld</value>
          <value name="serviceName">processHelloWorld.HelloWorld.HelloWorld_1.Default:error_handler</value>
          <array name="outputs" type="idatacodable" depth="1">
            <idatacodable javaclass="com.wm.app.prt.model.PRTTransitionOutputDef">
              <value name="destination">processHelloWorld_helloWorld_TRANSQUEUE</value>
              <value name="isXpathCond">false</value>
              <value name="targetServerId">Default</value>
              <value name="targetStepId">S102</value>
              <array name="pipeKeys" type="value" depth="1">
                <value>serviceCanonicalDoc</value>
              </array>
              <null name="deadPathTargets"/>
              <value name="compensating">false</value>
            </idatacodable>
          </array>
          <value name="timeoutMs">0</value>
          <value name="stepTimeoutMs">0</value>
          <value name="timeoutType"></value>
          <value name="stepTimeoutType">relative</value>
          <value name="retryMax">0</value>
          <value name="stepRetryCount">0</value>
          <value name="stepRetryInterval">60000</value>
          <value name="isSubEnd">false</value>
          <value name="isXPathJoinExpression">false</value>
          <value name="beginsCompensatingTransaction">false</value>
          <value name="skip">false</value>
          <value name="parallelExecute">true</value>
          <value name="suppressUnsatisfiedJoin">false</value>
          <value name="forCompensation">false</value>
        </idatacodable>
      </array>
    </idatacodable>
    <Date name="timestamp" type="java.util.Date">Sun Feb 13 14:34:30 AST 2022</Date>
  </record>
</IDataXMLCoder>
