<?xml version="1.0" encoding="UTF-8"?>

<FLOW VERSION="3.0" CLEANUP="true">

  <!-- nodes -->

<INVOKE SERVICE="processHelloWorld.HelloWorld.HelloWorld_1.Default:Employee_Service_Officer___Add_Task_QueueTask">

  <!-- nodes -->

<MAP MODE="INPUT">

  <!-- nodes -->

<MAPCOPY NAME="Link" FROM="/taskCanonicalDoc;4;0;gaztCommonUtils.doc:taskCanonicalDoc" TO="/TaskData;2;0/taskCanonicalDoc;2;0">
</MAPCOPY>

<MAPCOPY NAME="Link" FROM="/serviceCanonicalDoc;4;0;gaztCommonUtils.doc:serviceCanonicalDoc" TO="/TaskData;2;0/serviceCanonicalDoc;2;0">
</MAPCOPY>

<MAPCOPY FROM="/Employee Service Officer &amp; Add TaskInputEnv;4;0;pub.task:TaskQueueInfo" TO="/TaskQueueInfo;4;0;pub.task:TaskQueueInfo">
</MAPCOPY>
</MAP>
</INVOKE>
</FLOW>
